{"test_error": [7.22], "test_loss": [2484.2702359987034], "train_loss": [12756.748549518099], "train_error": [7.466], "valid_loss": [2369.7747106486495], "valid_error": [6.64]}