{"test_loss": [100405.20119263261, 104329.04449583495, 106511.27274554873, 107387.86650503674, 108739.84682307087, 110896.66812516958, 112793.25262612726, 114749.3995089209, 116779.38596496223, 118707.22939654504, 120365.28255470183, 122491.2110298494, 124209.38779350177, 126195.52314329345, 128309.58944973932], "valid_error": [6.67, 4.33, 3.44, 3.04, 2.8000000000000003, 2.59, 2.5, 2.41, 2.36, 2.2800000000000002, 2.22, 2.17, 2.15, 2.13, 2.06], "valid_loss": [70189.91124467435, 79823.20933513463, 89058.53257670651, 97183.82460770513, 103809.02717827642, 110287.52231750445, 114682.5094944617, 119681.19007610486, 123890.09930091756, 128277.67879429407, 132390.52189488022, 136590.4098451921, 140382.28880235748, 144485.07548288224, 148172.73755719667], "train_loss": [385103.3528171749, 488154.1397119002, 548585.8784315052, 593076.795059084, 625198.3952531955, 655350.4644595325, 678420.2361940247, 704814.8838683035, 725712.6162041653, 748605.4538149145, 769908.9715011104, 786047.9270131827, 804567.3270193151, 820819.8783836955, 834693.3573078744], "train_error": [7.4719999999999995, 4.8919999999999995, 3.666, 2.856, 2.314, 1.968, 1.704, 1.462, 1.256, 1.082, 0.9299999999999999, 0.812, 0.714, 0.614, 0.518], "test_error": [7.3999999999999995, 5.16, 4.130000000000001, 3.4799999999999995, 3.04, 2.79, 2.5700000000000003, 2.4699999999999998, 2.42, 2.4, 2.31, 2.2800000000000002, 2.23, 2.1999999999999997, 2.15]}