{"test_error": [4.29, 3.2800000000000002, 2.85, 2.46, 2.33, 2.25, 2.1, 2.01, 1.9900000000000002, 1.9300000000000002, 1.8399999999999999, 1.8499999999999999, 1.8499999999999999], "test_loss": [1515.6148674726319, 1111.9188974486983, 930.6894856985855, 800.760419066434, 735.1294481378602, 703.0502833334276, 668.0137447339976, 645.666201610878, 631.4553354591757, 627.3378703356424, 624.3276169060304, 624.5196090290624, 623.6278350654176], "train_loss": [7474.525798746383, 4795.536448950911, 3477.6320437120894, 2551.1854859374016, 1990.2015672975128, 1610.8735059117967, 1261.5941757520322, 1001.4492799326295, 823.810999009285, 681.0012558776577, 573.4657633541, 481.5917169820695, 407.96460577275525], "train_error": [4.392, 2.794, 2.0060000000000002, 1.474, 1.1400000000000001, 0.918, 0.618, 0.45599999999999996, 0.35200000000000004, 0.262, 0.20400000000000001, 0.146, 0.11399999999999999], "valid_loss": [1471.0136539233265, 1081.9875672745638, 913.9137513101525, 809.221671202589, 760.1918062647754, 731.369800531464, 700.9959963357176, 684.4181749415291, 679.912944380019, 678.0730503270121, 680.1308300165235, 680.984497891036, 681.3201513489862], "valid_error": [4.14, 3.04, 2.7199999999999998, 2.36, 2.23, 2.1, 2.02, 1.97, 1.8900000000000001, 1.8800000000000001, 1.91, 1.8900000000000001, 1.82]}