{"test_loss": [100357.38275579007], "valid_error": [6.7], "valid_loss": [69810.76212550055], "train_loss": [400215.14830798615], "train_error": [7.382], "test_error": [7.26]}